timestamp,step,task,extrinsic,intrinsic_icm,intrinsic_count,total_reward
1770332717.3109002,454,snake,-0.1,0.0,0.1,-0.05
1770332717.506784,455,snake,-0.1,-8.491931430130977e-08,0.1,-0.050000084919314305
1770332717.7112937,456,snake,-0.1,3.8052982230604314e-08,0.1,-0.04999996194701777
1770332717.9128425,457,snake,-0.1,-3.183019560430419e-05,0.1,-0.05003183019560431
1770332718.092332,458,snake,-0.1,-3.196213253353086e-05,0.1,-0.05003196213253353
1770332718.2712257,459,snake,-10.0,-4.8714065230378926e-06,0.1,-9.950004871406524
1770332718.5738583,461,snake,-0.1,-3.532787017761329e-05,0.1,-0.050035327870177615
1770332718.7512448,462,snake,-0.1,-3.344971114671678e-05,0.1,-0.05003344971114672
1770332718.9286113,463,snake,-0.1,2.9787807249051778e-05,0.1,-0.049970212192750954
1770332719.0074222,464,snake,-0.1,2.8380843972431657e-05,0.1,-0.04997161915602757
1770332719.0869324,465,snake,-0.1,2.5718838530998367e-05,0.1,-0.04997428116146901
1770332719.1656256,466,snake,-0.1,2.5553571280359113e-05,0.1,-0.04997444642871964
1770332719.247534,467,snake,-0.1,2.1165773381598574e-05,0.1,-0.049978834226618404
1770332719.3253965,468,snake,-0.1,1.907986247049002e-05,0.1,-0.049980920137529514
1770332719.4031644,469,snake,-0.1,-0.00012905743874508,0.1,-0.05012905743874508
1770332719.484034,470,snake,10.0,-5.581786584629377e-05,0.1,10.049944182134153
1770332719.562569,471,snake,-10.0,-5.241586231757102e-05,0.1,-9.950052415862318
1770332719.7070994,474,snake,-0.1,-4.939313345395669e-05,0.1,-0.05004939313345396
1770332719.7851977,475,snake,-0.1,1.0642378115982176e-05,0.1,-0.04998935762188402
1770332719.8615987,476,snake,-0.1,1.0035282437738485e-05,0.1,-0.049989964717562264
1770332719.9379485,477,snake,-0.1,9.696899279811292e-06,0.1,-0.04999030310072019
1770332720.015232,478,snake,-0.1,1.1717649739179268e-05,0.1,-0.04998828235026082
1770332720.0932956,479,snake,-0.1,1.1777084831611294e-05,0.1,-0.04998822291516839
1770332720.1759307,480,snake,-0.1,-0.000149045672850568,0.1,-0.05014904567285057
1770332720.2533538,481,snake,10.0,-0.00014633408721890023,0.1,10.049853665912782
1770332720.330088,482,snake,-0.1,6.760539817206893e-05,0.1,-0.04993239460182793
1770332720.5109613,483,snake,-0.1,6.653860009742659e-05,0.1,-0.049933461399902575
1770332720.68902,484,snake,-0.1,6.624138252627146e-05,0.1,-0.049933758617473734
1770332720.8664844,485,snake,10.0,7.230657789892105e-05,0.1,10.0500723065779
1770332721.04396,486,snake,-0.1,6.91348183129559e-05,0.1,-0.049930865181687045
1770332721.2226193,487,snake,-0.1,5.9128511213662094e-05,0.1,-0.04994087148878634
1770332721.4098263,488,snake,-10.0,-5.564547516488347e-05,0.1,-9.950055645475166
1770332721.7164032,490,snake,-0.1,2.1114979941526997e-05,0.1,-0.049978885020058476
1770332721.883421,491,snake,-0.1,1.8645568759641762e-05,0.1,-0.04998135443124036
1770332722.0593886,492,snake,-0.1,1.3604881921198358e-05,0.1,-0.04998639511807881
1770332722.2412817,493,snake,-0.1,1.4090186015303882e-05,0.1,-0.0499859098139847
1770332722.4225051,494,snake,-10.0,-0.00021025860099197372,0.1,-9.950210258600992
1770332722.729745,496,snake,-0.1,-9.880704273669152e-05,0.1,-0.05009880704273669
1770332722.9073122,497,snake,-0.1,-9.522682057931355e-05,0.1,-0.05009522682057932
1770332723.0914574,498,snake,-0.1,2.9286983486015748e-05,0.1,-0.049970713016513985
1770332723.2705522,499,snake,-0.1,-6.265149054728785e-06,0.1,-0.050006265149054735
1770332723.4363124,500,snake,-0.1,-9.449121245726364e-06,0.1,-0.050009449121245726
1770332723.6176975,501,snake,10.0,-1.0118562661153904e-05,0.1,10.04998988143734
1770332723.7952716,502,snake,-0.1,-0.00022850002021698179,0.1,-0.05022850002021698
1770332723.9709094,503,snake,-0.1,-3.810357466014225e-05,0.1,-0.050038103574660146
1770332724.1501358,504,snake,10.0,-2.8805579810301045e-05,0.1,10.04997119442019
1770332724.330503,505,snake,-0.1,-0.0001151697120087293,0.1,-0.05011516971200873
1770332724.5127704,506,snake,-0.1,-0.00011225008410108678,0.1,-0.05011225008410109
1770332724.687791,507,snake,-0.1,-0.00014249533920677893,0.1,-0.05014249533920678
1770332724.8586154,508,snake,-0.1,-5.3276262812745616e-05,0.1,-0.05005327626281275
1770332725.035095,509,snake,-0.1,-4.731908422887669e-05,0.1,-0.05004731908422888
1770332725.2125976,510,snake,-10.0,-0.00022687028341531026,0.1,-9.950226870283416
1770332725.513094,512,snake,-0.1,-0.00013331310308502644,0.1,-0.05013331310308503
1770332725.6903386,513,snake,-0.1,-0.0001409389645216463,0.1,-0.050140938964521646
1770332725.8727438,514,snake,-0.1,-0.0001436777024317351,0.1,-0.050143677702431735
1770332726.0854425,515,snake,-0.1,-4.994587518884431e-05,0.1,-0.05004994587518885
1770332726.3167658,516,snake,-0.1,-0.00025297626103468223,0.1,-0.050252976261034685
1770332726.5039995,517,snake,-0.1,-0.0002481838984067175,0.1,-0.05024818389840672
1770332726.693305,518,snake,-0.1,-0.00024476728243365547,0.1,-0.050244767282433656
1770332726.9116268,519,snake,-0.1,-3.466293639289187e-05,0.1,-0.050034662936392894
1770332727.091526,520,snake,-0.1,-4.015682701569668e-05,0.1,-0.0500401568270157
1770332727.2748141,521,snake,-0.1,-0.0001509774969678031,0.1,-0.05015097749696781
1770332727.4558911,522,snake,-0.1,-0.00014123430164993803,0.1,-0.05014123430164994
1770332727.6435938,523,snake,-0.1,-0.00014192555480226556,0.1,-0.05014192555480227
1770332727.822364,524,snake,-0.1,-0.00015859306572543964,0.1,-0.05015859306572544
1770332727.9907844,525,snake,-0.1,-6.673367187768391e-05,0.1,-0.05006673367187769
1770332728.1902637,526,snake,-0.1,-6.630975393329484e-05,0.1,-0.0500663097539333
1770332728.3952773,527,snake,10.0,-7.676491003411099e-05,0.1,10.049923235089967
1770332728.570866,528,snake,-10.0,-0.00017554631021340485,0.1,-9.950175546310213
1770332728.8727064,530,snake,-0.1,-0.00025219696790034185,0.1,-0.05025219696790034
1770332729.0495145,531,snake,-0.1,-0.0002542213421309122,0.1,-0.050254221342130916
1770332729.2303827,532,snake,-0.1,-0.00025079715387109434,0.1,-0.050250797153871096
1770332729.4107609,533,snake,-0.1,-0.0002638280978590204,0.1,-0.05026382809785902
1770332729.576981,534,snake,-10.0,-8.459055955024367e-05,0.1,-9.95008459055955
1770332729.8770604,536,snake,-0.1,-0.00025591966528049233,0.1,-0.050255919665280493
1770332730.0537739,537,snake,-0.1,-0.00025522046457632014,0.1,-0.050255220464576325
1770332730.23077,538,snake,10.0,-0.00023777480759540318,0.1,10.049762225192405
1770332730.412597,539,snake,-0.1,-8.278977532924862e-05,0.1,-0.050082789775329255
1770332730.5964987,540,snake,-0.1,-0.00024651441454129813,0.1,-0.0502465144145413
1770332730.7861855,541,snake,-0.1,-0.0002483723572899564,0.1,-0.05024837235728996
1770332730.9656513,542,snake,-10.0,-0.00010247318255984458,0.1,-9.95010247318256
1770332731.2737415,544,snake,-0.1,-0.00026422024649426723,0.1,-0.05026422024649427
1770332731.4566157,545,snake,-0.1,-0.00026164834577433756,0.1,-0.05026164834577434
1770332731.6714873,546,snake,-0.1,-0.00010300257206191864,0.1,-0.05010300257206192
1770332731.9094014,547,snake,-0.1,-0.00011059399973367282,0.1,-0.05011059399973367
1770332760.5137563,549,maze,0.0,-2.467596038298547e-05,0.1,0.04997532403961702
1770332760.725057,550,maze,0.0,-1.866047477957716e-05,0.1,0.04998133952522042
1770332760.9378266,551,maze,0.0,-1.982771182991638e-05,0.1,0.04998017228817009
1770332761.1193516,552,maze,0.0,-3.779240778436004e-05,0.07071067811865475,0.03531754665154302
1770332761.3297548,553,maze,0.0,-0.0001459053170830938,0.05773502691896258,0.028721608142398197
1770332761.5072849,554,maze,0.0,-3.616433994680145e-05,0.05,0.0249638356600532
1770332761.6836956,555,maze,0.0,-3.596725505137989e-05,0.044721359549995794,0.022324712519946516
1770332761.859144,556,maze,0.0,-0.0001459271771339577,0.040824829046386304,0.020266487346059195
1770332762.0394945,557,maze,0.0,-3.4391585327003375e-05,0.03779644730092272,0.018863832065134357
1770332762.2133408,558,maze,0.0,-3.4210095992138635e-05,0.035355339059327376,0.01764345943367155
1770332762.3949583,559,maze,0.0,-3.4031449897808136e-05,0.03333333333333333,0.01663263521676886
1770332762.5742848,560,maze,0.0,-5.979535321645826e-05,0.03162277660168379,0.015751592947625438
1770332762.7382123,561,maze,0.0,-5.9489481774214075e-05,0.030151134457776365,0.015016077747113969
1770332762.9143355,562,maze,0.0,-5.918825669365562e-05,0.02886751345948129,0.01437456847304699
1770332763.0901213,563,maze,0.0,-0.00015683430078126094,0.02773500981126146,0.013710670604849469
1770332763.2648919,564,maze,0.0,-0.00015605577195312433,0.02672612419124244,0.013207006323668094
1770332763.4431078,565,maze,0.0,-0.00015528872309932514,0.025819888974716113,0.012754655764258731
1770332763.6206288,566,maze,0.0,-0.00015453287483097953,0.025,0.012345467125169022
1770332763.8002658,567,maze,0.0,-0.00015378795718677218,0.024253562503633298,0.011972993294629877
1770332763.974021,568,maze,0.0,-0.00017655287711962561,0.023570226039551587,0.011608560142656169
1770332764.1395147,569,maze,0.0,-0.00017571784870433,0.022941573387056175,0.011295068844823758
1770332764.3139684,570,maze,0.0,-8.526347693370141e-05,0.022360679774997897,0.011095076410565247
1770332764.4894836,571,maze,0.0,-8.486779204976239e-05,0.021821789023599242,0.010826026719749858
1770332764.6651225,572,maze,0.0,-8.447756532716085e-05,0.021320071635561044,0.01057555825245336
1770332764.8382077,573,maze,0.0,-8.40926724238681e-05,0.02085144140570748,0.010341628030429872
1770332765.0105302,574,maze,0.0,-8.371299292773758e-05,0.020412414523193152,0.010122494268668838
1770332765.192422,575,maze,0.0,-8.333841019824003e-05,0.02,0.00991666158980176
1770332765.368708,576,maze,0.0,-0.00013176590413289756,0.019611613513818404,0.009674040852776305
1770332765.5363414,577,maze,0.0,-0.00013118661064275168,0.019245008972987525,0.00949131787585101
1770332765.7116344,578,maze,0.0,-0.00013061489097155747,0.01889822365046136,0.009318496934259122
1770332765.8870418,579,maze,0.0,-0.00021182813508071607,0.018569533817705187,0.009072938773771877
1770332766.0651593,580,maze,0.0,-0.0002109205395833357,0.018257418583505537,0.008917788752169432
1770332766.2391615,581,maze,0.0,-0.00021002451101031835,0.01796053020267749,0.008770240590328427
1770332766.4127603,582,maze,0.0,-0.0001144694077343428,0.017677669529663688,0.0087243653570975
1770332766.6011329,583,maze,0.0,-0.00020906539716659473,0.017407765595569787,0.008494817400618299
1770332766.7726123,584,maze,0.0,-0.0002508067845165551,0.017149858514250885,0.008324122472608888
1770332766.9318054,585,maze,0.0,-0.00024977612890538496,0.016903085094570332,0.008201766418379781
1770332767.1067443,586,maze,0.0,-0.00024875807576104833,0.016666666666666666,0.008084575257572285
1770332767.2808645,587,maze,0.0,-0.0002477523703292118,0.01643989873053573,0.007972196994938653
1770332767.456064,588,maze,0.0,-0.000246758765007407,0.016222142113076255,0.00786431229153072
1770332767.6305666,589,maze,0.0,-0.0002457770190889394,0.016012815380508715,0.007760630671165418
1770332767.8030477,590,maze,0.0,-0.000244806898517918,0.015811388300841896,0.00766088725190303
1770332767.9806628,591,maze,0.0,-0.00015413938076729296,0.015617376188860608,0.007654548713663011
1770332768.159053,592,maze,0.0,-0.0002894915991979983,0.015430334996209192,0.007425675898906598
1770332768.323018,593,maze,0.0,-0.00028837509097168836,0.015249857033260468,0.007336553425658546
1770332768.4956121,594,maze,0.0,-0.00028727140230460485,0.015075567228888182,0.007250512212139486
1770332768.67355,595,maze,0.0,-0.00028618028973968355,0.014907119849998597,0.0071673796352596155
1770332768.8453023,596,maze,0.0,-0.00020008702530505606,0.014744195615489715,0.007172010782439802
1770332769.0190127,597,maze,0.0,-0.00019933873602795538,0.014586499149789456,0.007093910838866773
1770332769.196402,598,maze,0.0,-0.00019859877984120647,0.014433756729740645,0.007018279585029116
1770332769.3769412,599,maze,0.0,-0.00019786700321947754,0.014285714285714287,0.006944990139637666
1770332769.5518866,600,maze,0.0,-0.0002495741111513274,0.01414213562373095,0.006821493700714148
1770332769.7187116,601,maze,0.0,-0.0002486676518332211,0.014002800840280098,0.006752732768306828
1770332769.9196575,602,maze,0.0,-0.0002477709981555642,0.01386750490563073,0.006685981454659801
1770332770.095114,603,maze,0.0,-0.00024688397459596176,0.013736056394868903,0.00662114422283849
1770332770.2684095,604,maze,0.0,-0.0002460064099993848,0.013608276348795434,0.006558131764398332
1770332770.6053092,606,maze,0.0,-0.00032636609676582276,0.1,0.04967363390323418
1770332770.7908735,607,maze,0.0,-0.00028176721645592647,0.1,0.04971823278354408
1770332770.973451,608,maze,0.0,-0.00031609733005557076,0.1,0.049683902669944435
1770332771.1537578,609,maze,0.0,-0.00035714539876421534,0.07071067811865475,0.034998193660563164
1770332771.3220236,610,maze,0.0,-0.00032299074854469405,0.05773502691896258,0.028544522710936597
1770332771.498425,611,maze,0.0,-0.0003218891236032916,0.05,0.02467811087639671
1770332771.6776478,612,maze,0.0,-0.0003207986942544138,0.044721359549995794,0.022039881080743482
1770332771.854312,613,maze,0.0,-0.00031971927214292435,0.040824829046386304,0.020092695251050226
1770332772.0297832,614,maze,0.0,-0.0003186506733204923,0.03779644730092272,0.018579572977140867
1770332772.2091854,615,maze,0.0,-0.0003175927181139112,0.035355339059327376,0.017360076811549777
1770332772.394778,616,maze,0.0,-0.00031654523099819545,0.03333333333333333,0.016350121435668472
1770332772.5715735,617,maze,0.0,-0.0003587547578471596,0.03162277660168379,0.015452633542994736
1770332772.7953105,618,maze,0.0,-0.00035758657836244253,0.030151134457776365,0.01471798065052574
1770332772.968732,619,maze,0.0,-0.00035642973656197207,0.02886751345948129,0.014077326993178674
1770332773.142323,620,maze,0.0,-0.00035528405022925704,0.02773500981126146,0.013512220855401472
1770332773.318468,621,maze,0.0,-0.0002905856341326894,0.02672612419124244,0.013072476461488531
1770332773.4931602,622,maze,0.0,-0.0002896638256701201,0.025819888974716113,0.012620280661687936
1770332773.668356,623,maze,0.0,-0.00028875073451861824,0.025,0.012211249265481382
1770332773.866293,624,maze,0.0,-0.0002878462241430433,0.024253562503633298,0.011838935027673605
1770332774.0380473,625,maze,0.0,-0.00039381230281663744,0.023570226039551587,0.011391300716959157
1770332774.2055821,626,maze,0.0,-0.000392593071999843,0.022941573387056175,0.011078193621528244
1770332774.3773773,627,maze,0.0,-0.0003913850956178427,0.022360679774997897,0.010788954791881106
1770332774.549977,628,maze,0.0,-0.0003901882015842626,0.021821789023599242,0.010520706310215358
1770332774.7497654,629,maze,0.0,-0.00038900222147415146,0.021320071635561044,0.010271033596306371
1770332774.9805207,630,maze,0.0,-0.0003878269904244244,0.02085144140570748,0.010037893712429316
1770332775.1758258,631,maze,0.0,-0.00038666234703759665,0.020412414523193152,0.00981954491455898
1770332775.3865645,632,maze,0.0,-0.0003855081332886766,0.02,0.009614491866711324
1770332775.5954058,633,maze,0.0,-0.00043502504081318575,0.019611613513818404,0.009370781716096016
1770332775.8036199,634,maze,0.0,-0.00043374125401565147,0.019245008972987525,0.00918876323247811
1770332775.9768193,635,maze,0.0,-0.0004324687661581686,0.01889822365046136,0.009016643059072512
1770332776.1517158,636,maze,0.0,-0.000431207412465824,0.018569533817705187,0.008853559496386769
1770332776.3309543,637,maze,0.0,-0.0004299570315083276,0.018257418583505537,0.008698752260244441
1770332776.5069282,638,maze,0.0,-0.0004287174651132283,0.01796053020267749,0.008551547636225518
1770332776.685483,639,maze,0.0,-0.0004274885582818676,0.017677669529663688,0.008411346206549977
1770332776.8691847,640,maze,0.0,-0.0004262701591079661,0.017407765595569787,0.008277612638676927
1770332777.0469978,641,maze,0.0,-0.00036012284445815476,0.017149858514250885,0.008214806412667287
1770332777.2137442,642,maze,0.0,-0.0003591085304631437,0.016903085094570332,0.008092434016822022
1770332777.4221804,643,maze,0.0,-0.0004528988735639565,0.016666666666666666,0.007880434459769377
1770332777.630192,644,maze,0.0,-0.00045163649568752694,0.01643989873053573,0.007768312869580339
1770332777.806476,645,maze,0.0,-0.0004543063636555826,0.016222142113076255,0.007656764692882545
1770332777.9802928,646,maze,0.0,-0.0004530539812215179,0.016012815380508715,0.007553353709032839
1770332778.1575081,647,maze,0.0,-0.00045181189930529114,0.015811388300841896,0.007453882251115656
1770332778.3414347,648,maze,0.0,-0.0004505799774782796,0.015617376188860608,0.007358108116952025
1770332778.5183866,649,maze,0.0,-0.0004826024247080791,0.015430334996209192,0.007232565073396517
1770332778.6825376,650,maze,0.0,-0.00048130034459245737,0.015249857033260468,0.007143628172037776
1770332778.8612275,651,maze,0.0,-0.00048000874711277895,0.015075567228888182,0.007057774867331312
1770332779.0350099,652,maze,0.0,-0.0004787274923657672,0.014907119849998597,0.006974832432633532
1770332779.2108073,653,maze,0.0,-0.00047745644304831415,0.014744195615489715,0.006894641364696543
1770332779.3879309,654,maze,0.0,-0.00047619546439567567,0.014586499149789456,0.006817054110499052
1770332779.5637949,655,maze,0.0,-0.0004749444241214539,0.014433756729740645,0.006741933940748869
1770332779.7470002,656,maze,0.0,-0.00047774747662248,0.014285714285714287,0.006665109666234664
1770332779.9307864,657,maze,0.0,-0.0005152712522542734,0.01414213562373095,0.006555796559611202
1770332780.101992,658,maze,0.0,-0.00039497600079606456,0.014002800840280098,0.0066064244193439845
1770332780.279839,659,maze,0.0,-0.0003939603641714272,0.01386750490563073,0.006539792088643938
1770332780.459252,660,maze,0.0,-0.0005013196322644154,0.013736056394868903,0.006366708565170036
1770332780.6570926,661,maze,0.0,-0.0005112831451675163,0.013608276348795434,0.006292855029230201
1770332780.841308,662,maze,0.0,-0.000509987025230497,0.013483997249264842,0.006232011599401924
1770332781.0336347,663,maze,0.0,-0.0005087007127023626,0.01336306209562122,0.006172830335108247
1770332781.2432475,664,maze,0.0,-0.0005074240845201725,0.013245323570650438,0.006115237700805047
1770332781.452551,665,maze,0.0,-0.0005411256714905166,0.013130643285972255,0.006024195971495611
1770332781.6611736,666,maze,0.0,-0.0005397806774109576,0.013018891098082389,0.005969664871630237
1770332781.8584425,667,maze,0.0,-0.0005384456628762292,0.012909944487358056,0.005916526580802799
1770332782.0472968,668,maze,0.0,-0.0005371205050837952,0.0128036879932896,0.005864723491561004
1770332782.2183573,669,maze,0.0,-0.000535805083336352,0.01270001270001905,0.005814201266673173
1770332782.3915925,670,maze,0.0,-0.0005344992789956522,0.01259881576697424,0.005764908604491468
1770332782.5648332,671,maze,0.0,-0.00039906406648894084,0.0125,0.00585093593351106
1770332782.7411716,672,maze,0.0,-0.0005146422425354346,0.012403473458920847,0.005687094486924989
1770332782.9573667,673,maze,0.0,-0.0005402122985716716,0.012309149097933273,0.005614362250394965
1770332783.1486702,674,maze,0.0,-0.0005632858746090377,0.012216944435630522,0.005545186343206223
1770332783.3414867,675,maze,0.0,-0.0005619452635757119,0.012126781251816649,0.0055014453623326125
1770332783.5447302,676,maze,0.0,-0.0005606141791012651,0.01203858530857692,0.005458678475187195
1770332783.726601,677,maze,0.0,-0.0005592925088892808,0.011952286093343936,0.005416850537782687
1770332783.9040608,678,maze,0.0,-0.000557980142487854,0.011867816581938534,0.005375928148481413
1770332784.1188974,679,maze,0.0,-0.0005566769712508189,0.011785113019775794,0.005335879538637078
1770332784.3012376,680,maze,0.0,-0.0005553828882999707,0.011704114719613058,0.005296674471506558
1770332784.4752135,681,maze,0.0,-0.0005828368139089411,0.01162476387438193,0.005229545123282024
1770332784.6385746,682,maze,0.0,-0.0005814939651424003,0.011547005383792514,0.0051920087267538564
1770332784.809142,683,maze,0.0,-0.0005801603555307443,0.011470786693528088,0.0051552329912332995
1770332784.9878807,684,maze,0.0,-0.0005788358796112376,0.011396057645963794,0.005119192943370659
1770332785.158956,685,maze,0.0,-0.0005775204335988504,0.011322770341445958,0.005083864737124129
1770332785.33322,686,maze,0.0,-0.0005762139153520996,0.01125087900926024,0.0050492255892780205
1770332785.50745,687,maze,0.0,-0.0005749162243397359,0.011180339887498949,0.005015253719409738
1770332785.6869748,688,maze,0.0,-0.0004079206930479713,0.011111111111111112,0.005147634862507584
1770332785.865915,689,maze,0.0,-0.00041779305085962566,0.011043152607484653,0.005103783252882701
1770332786.038364,690,maze,0.0,-0.00041686609537444505,0.010976425998969036,0.005071346904110072
1770332786.2107432,691,maze,0.0,-0.0005969163872918402,0.010910894511799621,0.00485853086860797
1770332786.3851852,692,maze,0.0,-0.00041422986422531133,0.01084652289093281,0.005009031581241093
1770332786.5594077,693,maze,0.0,-0.00041332289419305455,0.010783277320343843,0.004978315765978867
1770332786.73247,694,maze,0.0,-0.00041242185571379133,0.010721125348377948,0.004948140818475183
1770332786.9073687,695,maze,0.0,-0.00041152668441454625,0.010660035817780522,0.004918491224475715
1770332787.0881698,696,maze,0.0,-0.00041063731689618,0.010599978800063602,0.004889352083135621
1770332787.259211,697,maze,0.0,-0.0004189570356464613,0.010540925533894598,0.0048515057313008375
1770332787.4205143,698,maze,0.0,-0.00041805930189539,0.010482848367219183,0.004823364881714202
1770332787.600368,699,maze,0.0,-0.00041716731446663353,0.01042572070285374,0.004795693036960236
1770332787.770932,700,maze,0.0,-0.00041628101231771137,0.010369516947304253,0.004768477461334415
1770332787.949203,701,maze,0.0,-0.0004154003353101278,0.010314212462587935,0.00474170589598384
1770332903.8209636,0,snake,0.0,0.0,0.3888888955116272,0.0
1770332908.865863,96,snake,0.0,0.0,0.46649070146183175,7.0
1770332913.9687386,154,snake,0.0,0.0,0.4678786314766982,11.0
1770332918.9881837,185,snake,0.0,0.0,0.47970873309719947,0.0
1770333037.1713889,200,snake,0.0,0.0,0.4516816735267639,0.0
1770333042.2392771,229,snake,0.0,0.0,0.4750957961740165,0.0
1770333047.3033946,260,snake,0.0,0.0,0.4784946345513867,0.0
1770333052.3085546,309,snake,0.0,0.0,0.45124717512909246,0.0
1770333057.44167,343,snake,0.0,0.0,0.4379085056922015,0.0
1770333062.5590308,381,snake,0.0,0.0,0.4619883142019573,0.0
1770333067.6250758,409,snake,0.0,0.0,0.5178571556295667,0.0
1770333072.709449,438,snake,0.0,0.0,0.46551725165597324,0.0
1770333077.720728,467,snake,0.0,0.0,0.494252885210103,2.0
1770333082.8394182,505,snake,0.0,0.0,0.49853802354712234,0.0
1770333087.8804388,552,snake,0.0,0.0,0.45390071894260164,1.0
1770333092.9321346,618,snake,0.0,0.0,0.4772727381099354,3.0
1770333097.999579,624,maze,0.0,0.0,0.49100691080093384,0.0
1770333103.1678262,658,maze,0.0,0.0,0.5980753337635714,0.0
1770333108.273966,687,maze,0.0,0.0,0.5853991117970697,0.0
1770333113.3295724,716,maze,0.0,0.0,0.48833702247718286,0.0
1770333118.3539014,746,maze,0.0,0.0,0.2875611533721288,0.0
1770333123.499823,776,maze,0.0,0.0,0.30258561472098033,0.0
1770333128.5303304,805,maze,0.0,0.0,0.29662763866884956,0.0
1770333133.6793897,835,maze,0.0,0.0,0.3251223067442576,0.0
1770333483.738011,0,snake,0.0,0.0,0.6336749196052551,0.0
1770333488.771488,92,snake,0.0,0.0,0.46915688981180603,6.0
1770333493.8534195,141,snake,0.0,0.0,0.4414714465335924,7.0
1770333498.937828,171,snake,0.0,0.0,0.4356259445349375,0.0
1770333506.3753545,196,snake,0.0,0.0,0.4653470063209534,0.0
1770333511.4116251,226,snake,0.0,0.0,0.44444445371627805,0.0
1770333516.4273717,271,snake,0.0,0.0,0.4430590311686198,0.0
1770333521.5094283,316,snake,0.0,0.0,0.4567901333173116,1.0
1770333624.3157678,323,snake,0.0,0.0,0.43518519401550293,0.0
1770333624.31629,323,pong,0.0,0.0,0.25,0.0
1770333629.4541345,354,pong,0.0,0.0,0.2790795949197585,1.0
1770333634.5842714,385,pong,0.0,0.0,0.25,1.0
1770333639.6292,416,pong,0.0,0.0,0.25,1.0
1770333644.745,448,pong,0.0,0.0,0.25,1.0
1770333649.8608425,500,pong,0.0,0.0,0.25,0.0
1770333654.888139,553,pong,0.0,0.0,0.3661964440120841,1.0
1770333659.9191296,583,pong,0.0,0.0,0.45283022820949553,2.0
1770333664.9767861,613,pong,0.0,0.0,0.41771923104921976,2.0
1770333670.0144105,656,pong,0.0,0.0,0.3295931739862575,1.0
1770333675.1478064,687,pong,0.0,0.0,0.25,1.0
1770333680.2213783,718,pong,0.0,0.0,0.2790796026106804,1.0
1770333685.3308895,749,pong,0.0,0.0,0.2572699006526701,1.0
1770333690.4353206,780,pong,0.0,0.0,0.30815920522136075,2.0
1770333727.1560457,782,pong,0.0,0.0,0.25,2.0
1770333727.1565669,782,maze,0.0,0.0,0.7112345695495605,0.0
1770333732.20543,810,maze,0.0,0.0,0.29099414497613907,0.0
1770333737.2756696,836,maze,0.0,0.0,0.25,0.0
1770333742.4162908,863,maze,0.0,0.0,0.341816152687426,0.0
1770333747.4556687,889,maze,0.0,0.0,0.2677397911365216,0.0
1770333752.5627415,917,maze,0.0,0.0,0.3890800614442144,0.0
1770333757.6241043,946,maze,0.0,0.0,0.25,0.0
1770333762.6666791,975,maze,0.0,0.0,0.25,0.0
1770333768.9638069,1000,maze,0.0,0.0,0.25,0.0
1770333774.0863318,1030,maze,0.0,0.0,0.25,0.0
1770333779.2534823,1060,maze,0.0,0.0,0.4806172847747803,0.0
1770333821.8510585,0,snake,0.0,0.0,0.3888888955116272,0.0
1770333826.8703647,97,snake,0.0,0.0,0.4289805354531278,6.0
1770333831.8903975,159,snake,0.0,0.0,0.4471326258874709,7.0
1770333837.0479245,210,snake,0.0,0.0,0.48148149251937866,1.0
1770333842.1445982,239,snake,0.0,0.0,0.4463601626198867,2.0
1770333847.1454926,270,snake,0.0,0.0,0.4605734867434348,2.0
1770333852.2072759,299,snake,0.0,0.0,0.5038314297281462,0.0
1770333857.3485122,330,snake,0.0,0.0,0.4784946345513867,0.0
1770333862.3800251,361,snake,0.0,0.0,0.4605734867434348,0.0
1770333867.4670508,392,snake,0.0,0.0,0.4516129128394588,0.0
1770333872.574012,422,snake,0.0,0.0,0.45370371341705323,1.0
1770333877.5854106,459,snake,0.0,0.0,0.4714714820320542,1.0
1770333882.6267045,489,snake,0.0,0.0,0.45370371341705323,0.0
1770333887.7258797,525,snake,0.0,0.0,0.5064679442180527,0.0
1770333892.9089203,560,snake,0.0,0.0,0.46825397866112844,0.0
1770333897.966559,593,snake,0.0,0.0,0.4478114572438327,1.0
1770333903.0236955,625,snake,0.0,0.0,0.4409722313284874,0.0
1770333937.4535403,0,snake,0.0,0.0,0.3888888955116272,0.0
1770333942.497208,98,snake,0.0,0.0,0.43140590434171716,6.0
1770333947.5810034,150,snake,0.0,0.0,0.47214542501247847,8.0
1770333952.6109304,198,snake,0.0,0.0,0.46412038058042526,0.0
1770333957.6560476,264,snake,0.0,0.0,0.4604377204721624,4.0
1770333962.7757025,307,snake,0.0,0.0,0.45994833042455274,0.0
1770333967.7838364,337,snake,0.0,0.0,0.44444445371627805,0.0
1770333972.894967,369,snake,0.0,0.0,0.4496527872979641,0.0
1770333978.0295103,426,snake,0.0,0.0,0.4462746752981554,4.0
1770333983.1041124,465,snake,0.0,0.0,0.445868955208705,0.0
1770333988.2064023,496,snake,0.0,0.0,0.4595092361973178,0.0
1770333993.311644,537,snake,0.0,0.0,0.41598916780657885,0.0
1770333998.446936,578,snake,0.0,0.0,0.4430894401015305,0.0
1770334003.4521582,616,snake,0.0,0.0,0.4473684304638913,1.0
1770334008.4626696,653,snake,0.0,0.0,0.4010153847771722,1.0
1770334013.4956398,692,snake,0.0,0.0,0.4621394979648101,0.0
1770334018.537903,730,snake,0.0,0.0,0.49232770110431473,1.0
1770334023.5393128,772,snake,0.0,0.0,0.4646614754483813,0.0
1770334028.6478863,803,snake,0.0,0.0,0.5177214068751181,0.0
1770334033.6919928,833,snake,0.0,0.0,0.4417634348074595,0.0
1770334038.7667146,866,snake,0.0,0.0,0.44079437942215893,0.0
1770334043.8220115,899,snake,0.0,0.0,0.4478114572438327,0.0
1770334048.9817526,930,snake,0.0,0.0,0.4987528401036416,0.0
1770334053.99852,959,snake,0.0,0.0,0.4842944134925974,1.0
1770334059.0898118,989,snake,0.0,0.0,0.45392891267935437,1.0
1770334083.3835528,0,snake,0.0,0.0,0.3265449106693268,0.0
1770334088.419219,95,snake,0.0,0.0,0.523343511004197,8.0
1770334093.4433513,149,snake,0.0,0.0,0.49176955885357326,10.0
1770334098.467863,185,snake,0.0,0.0,0.45061729351679486,0.0
1770334103.50312,216,snake,0.0,0.0,0.5053763562633146,1.0
1770334108.517466,270,snake,0.0,0.0,0.45061729351679486,3.0
1770334113.5291688,315,snake,0.0,0.0,0.5061293694708082,3.0
1770334118.6504936,368,snake,0.0,0.0,0.47274634185827,3.0
1770334123.8089435,396,snake,0.0,0.0,0.4384920724800655,0.0
1770334128.897531,441,snake,0.0,0.0,0.4131409393416511,0.0
1770334134.0001085,475,snake,0.0,0.0,0.5058732392156825,0.0
1770334139.1060288,503,snake,0.0,0.0,0.4966849957903226,0.0
1770334139.1060288,503,pong,0.0,0.0,0.37676885910332203,0.0
1770334144.1125002,532,pong,0.0,0.0,0.4211642300260478,1.0
1770334149.160351,562,pong,0.0,0.0,0.3701956590016683,1.0
1770334154.2769766,591,pong,0.0,0.0,0.3251223067442576,1.0
1770334154.2769766,591,snake,0.0,0.0,0.3265449106693268,0.0
1770334154.2769766,591,maze,0.0,0.0,0.7112345695495605,0.0
1770334159.320309,629,snake,0.0,0.0,0.4863077195791098,0.0
1770334159.3208456,629,maze,0.0,0.0,0.7356674946271456,0.0
1770334159.3213737,629,pong,0.0,0.0,0.451274241010348,2.0
1770334164.3978531,661,pong,0.0,0.0,0.5582862984050404,2.0
1770334164.3983567,661,snake,0.0,0.0,0.5254229496825825,0.0
1770334164.3983567,661,maze,0.0,0.0,0.8379776418209076,0.0
1770334169.4170847,702,maze,0.0,0.0,0.9479148983955383,0.0
1770334169.4170847,702,pong,0.0,0.0,0.5384104337011065,2.0
1770334169.4175882,702,snake,0.0,0.0,0.5657524237265954,0.0
1770334174.4973366,734,snake,0.0,0.0,0.48691119118170306,0.0
1770334174.4973366,734,maze,0.0,0.0,0.9479148983955383,0.0
1770334174.4978402,734,pong,0.0,0.0,0.8700485825538635,2.0
1770334179.5805347,779,pong,0.0,0.0,0.7219760934511821,0.0
1770334179.5805347,779,snake,0.0,0.0,0.7583197335402171,0.0
1770334179.5820386,779,maze,0.0,0.0,0.9479148983955383,0.0
1770334184.6439257,820,pong,0.0,0.0,0.8086419382265636,0.0
1770334184.6439257,820,snake,0.0,0.0,0.8372206411191395,0.0
1770334184.6444287,820,maze,0.0,0.0,0.9495512888981745,0.0
1770334189.7287962,854,maze,0.0,0.0,0.961065928141276,0.0
1770334189.7287962,854,pong,0.0,0.0,0.9479148983955383,0.0
1770334189.7287962,854,snake,0.0,0.0,0.7554541311480782,0.0
1770334194.8608456,887,pong,0.0,0.0,0.928209824995561,1.0
1770334194.8608456,887,snake,0.0,0.0,0.8061852265488018,0.0
1770334194.8614924,887,maze,0.0,0.0,0.930134507742795,0.0
1770334200.0140357,931,pong,0.0,0.0,0.9479148983955383,1.0
1770334200.0145564,931,snake,0.0,0.0,0.9479150176048279,0.0
1770334200.0145564,931,maze,0.0,0.0,0.9162417096751077,0.0
1770334205.1239028,960,maze,0.0,0.0,0.989330530166626,0.0
1770334205.1239028,960,pong,0.0,0.0,0.9479148983955383,1.0
1770334205.1244063,960,snake,0.0,0.0,0.9479150176048279,0.0
1770334210.1574714,993,snake,0.0,0.0,0.9479150176048279,0.0
1770334210.1574714,993,maze,0.0,0.0,0.9986810738390143,0.0
1770334210.1574714,993,pong,0.0,0.0,0.9596500776030801,0.0
1770334215.1998503,1027,snake,0.0,0.0,0.9590128858884176,0.0
1770334215.1998503,1027,maze,0.0,0.0,0.9989946484565735,0.0
1770334215.200354,1027,pong,0.0,0.0,0.9791867624629628,0.0
1770334220.2882576,1080,maze,0.0,0.0,0.9989946484565735,0.0
1770334220.2882576,1080,pong,0.0,0.0,0.9934492541684045,0.0
1770334220.2887695,1080,snake,0.0,0.0,0.9828072225346285,0.0
1770334225.3424406,1110,snake,0.0,0.0,0.9966494679450989,0.0
1770334225.3424406,1110,maze,0.0,0.0,0.9989946484565735,0.0
1770334225.3429446,1110,pong,0.0,0.0,0.9988796710968018,0.0
1770334230.3448822,1152,snake,0.0,0.0,0.9955226480960846,0.0
1770334230.3448822,1152,maze,0.0,0.0,0.9989946484565735,0.0
1770334230.3464146,1152,pong,0.0,0.0,0.9978453304086413,0.0
1770334235.4566352,1188,snake,0.0,0.0,0.9813671708106995,0.0
1770334235.4566352,1188,maze,0.0,0.0,0.9989946484565735,0.0
1770334235.4571397,1188,pong,0.0,0.0,0.9968602657318115,0.0
1770334240.4712698,1226,pong,0.0,0.0,0.9968602657318115,1.0
1770334240.4712698,1226,maze,0.0,0.0,0.9989946484565735,0.0
1770334245.5836987,1255,pong,0.0,0.0,0.9968602657318115,1.0
1770334245.5836987,1255,maze,0.0,0.0,0.9970204532146454,0.0
1770334250.6837573,1285,maze,0.0,0.0,0.9348088065783183,0.0
1770334250.6847568,1285,pong,0.0,0.0,0.9973800977071127,1.0
1770334255.6954222,1314,maze,0.0,0.0,0.8802768588066101,0.0
1770334255.6954222,1314,pong,0.0,0.0,0.9981969765254429,1.0
1770334260.7098918,1343,pong,0.0,0.0,0.9968602657318115,1.0
1770334260.7114346,1343,maze,0.0,0.0,0.9219327143260411,0.0
1770334265.8767948,1369,maze,0.0,0.0,0.9983379153104929,0.0
1770334265.8767948,1369,pong,0.0,0.0,0.99722014940702,1.0
1770334271.0253155,1396,maze,0.0,0.0,0.9989946484565735,0.0
1770334271.0258274,1396,pong,0.0,0.0,0.9968602657318115,1.0
1770334276.1425617,1422,pong,0.0,0.0,0.9968602657318115,1.0
1770334276.143072,1422,maze,0.0,0.0,0.9989946484565735,0.0
1770334281.1789887,1459,pong,0.0,0.0,0.9979144177938762,0.0
1770334281.1795037,1459,maze,0.0,0.0,0.9989946484565735,0.0
1770334286.194855,1486,maze,0.0,0.0,0.9989946484565735,0.0
1770334286.196413,1486,pong,0.0,0.0,0.9977569213280311,0.0
1770334291.3681226,1522,pong,0.0,0.0,0.9984928137726254,0.0
1770334291.3686414,1522,maze,0.0,0.0,0.9989946484565735,0.0
1770334296.4169884,1549,pong,0.0,0.0,0.9974993552480426,1.0
1770334296.417492,1549,maze,0.0,0.0,0.9989946484565735,0.0
1770334301.4964044,1576,maze,0.0,0.0,0.9989946484565735,0.0
1770334301.4964044,1576,pong,0.0,0.0,0.9968602657318115,1.0
1770334306.4997194,1604,pong,0.0,0.0,0.9968602657318115,1.0
1770334306.4997194,1604,maze,0.0,0.0,0.9989946484565735,0.0
1770334311.5661263,1633,pong,0.0,0.0,0.9979986031850179,0.0
1770334311.5661263,1633,maze,0.0,0.0,0.9989946484565735,0.0
1770334316.614924,1671,maze,0.0,0.0,0.9989946484565735,0.0
1770334316.6154296,1671,pong,0.0,0.0,0.9975558456621672,1.0
1770334321.7646213,1700,maze,0.0,0.0,0.9989946484565735,0.0
1770334321.7651277,1700,pong,0.0,0.0,0.9968602657318115,1.0
1770334326.9331014,1727,pong,0.0,0.0,0.9968602657318115,1.0
1770334326.9336216,1727,maze,0.0,0.0,0.9989946484565735,0.0
1770334332.1029792,1756,maze,0.0,0.0,0.9989946484565735,0.0
1770334332.1035655,1756,pong,0.0,0.0,0.9981266473020826,0.0
1770334337.123412,1784,pong,0.0,0.0,0.9974172285624913,1.0
1770334337.1239305,1784,maze,0.0,0.0,0.9989946484565735,0.0
1770334342.193127,1810,pong,0.0,0.0,0.9975042939186096,1.0
1770334342.1946957,1810,maze,0.0,0.0,0.9989946484565735,0.0
1770334347.2202678,1835,pong,0.0,0.0,0.9978326604916499,1.0
1770334347.2208068,1835,maze,0.0,0.0,0.9989946484565735,0.0
1770334366.0365028,0,snake,0.0,0.0,0.9984196424484253,0.0
1770334371.0824676,99,snake,0.0,0.0,0.8756411030607404,4.0
1770334371.0824676,99,pong,0.0,0.0,0.5632705604252608,0.0
1770334376.1091747,135,pong,0.0,0.0,0.26252038445737624,1.0
1770334381.1952233,167,pong,0.0,0.0,0.25,2.0
1770334381.1952233,167,snake,0.0,0.0,0.7256856560707092,5.0
1770334381.1957269,167,maze,0.0,0.0,0.9989946484565735,0.0
1770334386.2209642,198,snake,0.0,0.0,0.7879210060293024,0.0
1770334386.2209642,198,maze,0.0,0.0,0.9989946484565735,0.0
1770334386.2209642,198,pong,0.0,0.0,0.25,2.0
1770334391.2592375,245,maze,0.0,0.0,0.9989946484565735,0.0
1770334391.2602417,245,pong,0.0,0.0,0.25,2.0
1770334391.2602417,245,snake,0.0,0.0,0.849290378888448,0.0
1770334396.320913,290,snake,0.0,0.0,0.5502829213937124,0.0
1770334396.3215783,290,maze,0.0,0.0,0.9989946484565735,0.0
1770334396.3215783,290,pong,0.0,0.0,0.25,2.0
1770334401.393236,328,snake,0.0,0.0,0.3888888955116272,0.0
1770334401.3949592,328,maze,0.0,0.0,0.9989946484565735,0.0
1770334401.3954847,328,pong,0.0,0.0,0.25,0.0
1770334406.4477057,374,pong,0.0,0.0,0.25,0.0
1770334406.44821,374,snake,0.0,0.0,0.46296297311782836,0.0
1770334406.44821,374,maze,0.0,0.0,0.9989946484565735,0.0
1770334411.5003314,417,snake,0.0,0.0,0.5555555701255799,0.0
1770334411.5003314,417,maze,0.0,0.0,0.9987893317426954,0.0
1770334411.5008337,417,pong,0.0,0.0,0.25,0.0
1770334416.567422,454,maze,0.0,0.0,0.8351773780125838,0.0
1770334416.5681028,454,pong,0.0,0.0,0.25,0.0
1770334416.5681028,454,snake,0.0,0.0,0.4583333432674408,0.0
1770334421.6511717,492,pong,0.0,0.0,0.25,0.0
1770334421.6511717,492,snake,0.0,0.0,0.41025641789803136,0.0
1770334421.6517203,492,maze,0.0,0.0,0.6613647366563479,0.0
1770334426.7891917,523,maze,0.0,0.0,0.6814525723457336,0.0
1770334426.7891917,523,pong,0.0,0.0,0.25,0.0
1770334426.7897007,523,snake,0.0,0.0,0.6666666865348816,0.0
1770334431.8083487,560,maze,0.0,0.0,0.6814525723457336,0.0
1770334431.8088508,560,pong,0.0,0.0,0.25,0.0
1770334436.9686,592,pong,0.0,0.0,0.25,0.0
1770334436.9701056,592,maze,0.0,0.0,0.6814525723457336,0.0
